Index,Keyword,Tweets
0,New national stadium japan,Prime Minister Abe attended ceremony mark completion construction New National Stadium
1,New national stadium japan,Tokyo 's new National Stadium inaugurated Japan continues countdown 2020 Summer Olympics The building desi
2,New national stadium japan,Tokyo 's new National Stadium inaugurated Sunday Japan continues countdown 2020 Summer Games `` Olympics
3,New national stadium japan,Tokyo 's new National Stadium inaugurated Japan continues countdown 2020 Summer Olympics The building desi
4,New national stadium japan,Tokyo 's new National Stadium inaugurated Sunday Japan continues countdown 2020
5,New national stadium japan,Tokyo 's new National Stadium inaugurated Japan continues countdown 2020 Summer Olympics The building desi
6,New national stadium japan,Tokyo 's new National Stadium inaugurated Sunday Japan continues countdown 2020 Summer Games `` Olympics
7,New national stadium japan,Tokyo 's new National Stadium inaugurated Sunday Japan continues countdown 2020 Summer Games `` Olympics
8,New national stadium japan,Tokyo 's new National Stadium inaugurated Japan continues countdown 2020 Summer Olympics The building desi
9,New national stadium japan,Tokyo 's new National Stadium inaugurated Japan continues countdown 2020 Summer Olympics The building desi
10,New national stadium japan,Tokyo 's new National Stadium inaugurated Japan continues countdown 2020 Summer Olympics The building desi
11,New national stadium japan,Tokyo 's new National Stadium inaugurated Japan continues countdown 2020 Summer Olympics The building desi
12,New national stadium japan,Tokyo 's new National Stadium inaugurated Japan continues countdown 2020 Summer Olympics The building desi
13,New national stadium japan,As gears host new National Stadium unveiled December 15 It
14,New national stadium japan,Tokyo 's new National Stadium inaugurated Japan continues countdown 2020 Summer Olympics The building des
15,New national stadium japan,Tokyo 's new National Stadium inaugurated Japan continues countdown 2020 Summer Olympics The building desi
16,New national stadium japan,Tokyo 's new National Stadium inaugurated Japan continues countdown 2020 Summer Olympics The building desi
17,New national stadium japan,Tokyo 's new National Stadium inaugurated Sunday Japan continues countdown 2020 Summer Games `` Olympics
18,New national stadium japan,Tokyo 's new National Stadium inaugurated Japan continues countdown 2020 Summer Olympics The building des
19,New national stadium japan,Tokyo 's new National Stadium inaugurated Japan continues countdown 2020 Summer Olympics The building desi
20,New national stadium japan,Tokyo 's new National Stadium inaugurated Japan continues countdown 2020 Summer Oly
21,New national stadium japan,CNN Tokyo 's new National Stadium inaugurated Japan continues countdown 2020 Summer Olympics
22,New national stadium japan,Tokyo 's new National Stadium inaugurated Japan continues countdown 2020 Summer Olympics The building desi
23,New national stadium japan,Tokyo 's new National Stadium inaugurated Japan continues countdown 2020 Summer Olympics The
24,New national stadium japan,Tokyo 's new National Stadium inaugurated Japan continues countdown 2020 Summer Olympics The building des
25,New national stadium japan,CNN `` Tokyo 's new National Stadium inaugurated Japan continues countdown 2020 Summer Olymp
26,New national stadium japan,CNN Tokyo 's new National Stadium inaugurated Japan continues countdown 2020 Summer Olympics
27,New national stadium japan,Tokyo 's new National Stadium inaugurated Japan continues countdown 2020 Summer Oly
28,New national stadium japan,Tokyo 's new National Stadium inaugurated Japan continues countdown 2020 Summer Olympics The building desi
29,New national stadium japan,Tokyo 's new National Stadium inaugurated Japan continues countdown 2020 Summer Olympics The building desi
30,New national stadium japan,Tokyo 's new National Stadium inaugurated Japan continues countdown 2020 Summer Olympics The building desi
31,New national stadium japan,Tokyo 's new National Stadium inaugurated Japan continues countdown 2020 Summer Olympics The building desi
32,New national stadium japan,Tokyo 's new National Stadium inaugurated Japan continues countdown 2020 Summer Olympics The building des
33,New national stadium japan,Tokyo 's new National Stadium inaugurated Japan continues countdown 2020 Summer Olympics The building desi
34,New national stadium japan,Tokyo 's new National Stadium inaugurated Japan continues countdown 2020 Summer Olympics The building desi
35,New national stadium japan,Tokyo 's new National Stadium inaugurated Japan continues countdown 2020 Summer Olympics The building desi
36,New national stadium japan,Tokyo 's new National Stadium inaugurated Japan continues countdown 2020 Summer Olympics The building des
37,New national stadium japan,Tokyo 's new National Stadium inaugurated Japan continues countdown 2020 Summer Olympics The building des
38,New national stadium japan,Tokyo 's new National Stadium inaugurated Japan continues countdown 2020 Summer Olympics The building desi
39,New national stadium japan,Tokyo 's new National Stadium inaugurated Japan continues countdown 2020 Summer Olympics The building des
40,New national stadium japan,Tokyo 's new National Stadium inaugurated Japan continues countdown 2020 Summer Olympics The building desi
41,New national stadium japan,Tokyo 's new National Stadium inaugurated Japan continues countdown 2020 Summer Olympics The building des
42,New national stadium japan,Tokyo 's new National Stadium inaugurated Japan continues countdown 2020 Summer Olympics The building desi
43,New national stadium japan,Tokyo 's new National Stadium inaugurated Japan continues countdown 2020 Summer Olympics The building desi
44,New national stadium japan,Tokyo 's new National Stadium inaugurated Japan continues countdown 2020 Summer Olympics The building desi
45,New national stadium japan,Tokyo 's new National Stadium inaugurated Japan continues countdown 2020 Summer Olympics The building desi
46,New national stadium japan,Tokyo 's new National Stadium inaugurated Japan continues countdown 2020 Summer Olympics The building desi
47,New national stadium japan,Tokyo 's new National Stadium inaugurated Japan continues countdown 2020 Summer Olympics The building desi
48,New national stadium japan,Tokyo 's new National Stadium inaugurated Japan continues countdown 2020 Summer Olympics The building des
49,New national stadium japan,Tokyo 's new National Stadium inaugurated Japan continues countdown 2020 Summer Olympics The building desi
50,New national stadium japan,Tokyo 's new National Stadium inaugurated Japan continues countdown 2020 Summer Olympics The building des
51,New national stadium japan,Tokyo 's new National Stadium inaugurated Sunday Japan continues countdown 2020 Summer Games `` Olympics
52,New national stadium japan,Tokyo 's new National Stadium inaugurated Japan continues countdown 2020 Summer Olympics The building des
53,New national stadium japan,Tokyo 's new National Stadium inaugurated Japan continues countdown 2020 Summer Olympics The building des
54,New national stadium japan,Tokyo 's new National Stadium inaugurated Japan continues countdown 2020 Summer Olympics The building desi
55,New national stadium japan,Tokyo 's new National Stadium inaugurated Japan continues countdown 2020 Summer Olympics The building desi
56,New national stadium japan,Tokyo 's new National Stadium inaugurated Japan continues countdown 2020 Summer Olympics The building desi
57,New national stadium japan,Tokyo 's new National Stadium inaugurated Japan continues countdown 2020 Summer Olympics The building desi
58,New national stadium japan,Tokyo 's new National Stadium inaugurated Japan continues countdown 2020 Summer Olympics The building des
59,New national stadium japan,Tokyo 's new National Stadium inaugurated Japan continues countdown 2020 Summer Olympics The building des
60,New national stadium japan,Tokyo 's new National Stadium inaugurated Japan continues countdown 2020 Summer Olympics The building desi
61,New national stadium japan,Tokyo 's new National Stadium inaugurated Japan continues countdown 2020 Summer Olympics The building desi
62,New national stadium japan,Tokyo 's new National Stadium inaugurated Japan continues countdown 2020 Summer Olympics The building des
63,New national stadium japan,Tokyo 's new National Stadium inaugurated Japan continues countdown 2020 Summer Olympics The building desi
64,New national stadium japan,Tokyo 's new National Stadium inaugurated Japan continues countdown 2020 Summer Olympics The building desi
65,New national stadium japan,Tokyo 's new National Stadium inaugurated Japan continues countdown 2020 Summer Olympics The building des
66,New national stadium japan,Tokyo 's new National Stadium inaugurated Japan continues countdown 2020 Summer Olympics The building desi
67,New national stadium japan,Tokyo 's new National Stadium inaugurated Japan continues countdown 2020 Summer Olympics The building des
68,New national stadium japan,Tokyo 's new National Stadium inaugurated Japan continues countdown 2020 Summer Olympics The building desi
69,New national stadium japan,Tokyo 's new National Stadium inaugurated Japan continues countdown 2020 Summer Olympics The building desi
70,New national stadium japan,Tokyo 's new National Stadium inaugurated Japan continues countdown 2020 Summer Olympics The building des
71,New national stadium japan,Tokyo 's new National Stadium inaugurated Japan continues countdown 2020 Summer Olympics The building desi
72,New national stadium japan,Tokyo 's new National Stadium inaugurated Japan continues countdown 2020 Summer Olympics The building des
73,New national stadium japan,Tokyo 's new National Stadium inaugurated Japan continues countdown 2020 Summer Olympics The building desi
74,New national stadium japan,Tokyo 's new National Stadium inaugurated Japan continues countdown 2020 Summer Olympics The building desi
75,New national stadium japan,Tokyo 's new National Stadium inaugurated Japan continues countdown 2020 Summer Olympics The building desi
76,New national stadium japan,Tokyo 's new National Stadium inaugurated Japan continues countdown 2020 Summer Olympics The building desi
77,New national stadium japan,Tokyo 's new National Stadium inaugurated Japan continues countdown 2020 Summer Olympics The building desi
78,New national stadium japan,Tokyo 's new National Stadium inaugurated Japan continues countdown 2020 Summer Olympics The building des
79,New national stadium japan,Tokyo 's new National Stadium inaugurated Sunday Japan continues countdown 2020 Summer Games `` Olympics
80,New national stadium japan,Tokyo 's new National Stadium inaugurated Japan continues countdown 2020 Summer Olympics The building desi
81,New national stadium japan,Tokyo 's new National Stadium inaugurated Japan continues countdown 2020 Summer Olympics The building desi
82,New national stadium japan,Tokyo 's new National Stadium inaugurated Japan continues countdown 2020 Summer Olympics The building des
83,New national stadium japan,Tokyo 's new National Stadium inaugurated Japan continues countdown 2020 Summer Olympics The building desi
84,New national stadium japan,Tokyo 's new National Stadium inaugurated Japan continues countdown 2020 Summer Olympics The building desi
85,New national stadium japan,Tokyo 's new National Stadium inaugurated Japan continues countdown 2020 Summer Olympics The building desi
86,New national stadium japan,Tokyo 's new National Stadium inaugurated Japan continues countdown 2020 Summer Olympics The building desi
87,New national stadium japan,Tokyo 's new National Stadium inaugurated Japan continues countdown 2020 Summer Olympics The building desi
88,New national stadium japan,Tokyo 's new National Stadium inaugurated Japan continues countdown 2020 Summer Olympics The building desi
89,New national stadium japan,Tokyo 's new National Stadium inaugurated Japan continues countdown 2020 Summer Olympics The building desi
90,New national stadium japan,Tokyo 's new National Stadium inaugurated Japan continues countdown 2020 Summer Olympics The building desi
91,New national stadium japan,Tokyo 's new National Stadium inaugurated Japan continues countdown 2020 Summer Olympics The building desi
92,New national stadium japan,Tokyo 's new National Stadium inaugurated Japan continues countdown 2020 Summer Olympics The building desi
93,New national stadium japan,Tokyo 's new National Stadium inaugurated Japan continues countdown 2020 Summer Olympics The building desi
94,New national stadium japan,Tokyo 's new National Stadium inaugurated Japan continues countdown 2020 Summer Olympics The building desi
95,New national stadium japan,Tokyo 's new National Stadium inaugurated Japan continues countdown 2020 Summer Olympics The building desi
96,New national stadium japan,Tokyo 's new National Stadium inaugurated Japan continues countdown 2020 Summer Olympics The building desi
97,New national stadium japan,Tokyo 's new National Stadium inaugurated Japan continues countdown 2020 Summer Olympics The building des
98,New national stadium japan,Tokyo 's new National Stadium inaugurated Japan continues countdown 2020 Summer Olympics The building desi
99,New national stadium japan,Tokyo 's new National Stadium inaugurated Japan continues countdown 2020 Summer Olympics The building desi
